varianta componentelor,procentul de varianta explicata,varianta cumulata,procentul cumulat
1.4490002329028615,0.20424003282821285,1.4490002329028615,0.20424003282821285
1.3180361223017325,0.18578032961967278,2.767036355204594,0.3900203624478856
1.2147559837232675,0.17122274818194627,3.9817923389278613,0.5612431106298319
1.022093647767047,0.14406653320906948,5.003885986694908,0.7053096438389014
0.7819326198463094,0.11021526451167027,5.785818606541218,0.8155249083505717
0.7219284646915247,0.10175753597556729,6.5077470712327425,0.9172824443261389
0.5868475233618521,0.08271755567386105,7.094594594594595,1.0
